identifier,timestamp,datetime,name,age,gender
person_1,2025-10-22 13:16:06,2025-10-22 13:16:06,Abu,22,Male
person_4,2025-10-22 16:08:37,2025-10-22 16:08:37,,,
person_3,2025-10-22 16:33:55,2025-10-22 16:13:55,Tokyo,45,Male
person_3,2025-10-22 16:33:55,2025-10-22 16:13:55,Tokyo,45,Male
person_3,2025-10-22 16:33:55,2025-10-22 16:13:55,Tokyo,45,Male
person_3,2025-10-22 16:13:55,2025-10-22 16:13:55,Tokyo,45,Female
person_2,2025-10-28 11:41:35,2025-10-28 11:41:35,vishal pal,22,Male
person_2,2025-10-28 11:41:35,2025-10-28 11:41:35,vishal pal,22,Male
person_2,2025-10-28 11:41:35,2025-10-28 11:41:35,vishal pal,22,Female
